,Z-XX-A-m,PredictedBinding
0,3-Li-13-p,70.25078854490071
1,3-Li-14-p,78.65258846883476
2,3-Li-15-p,90.24544979821145
3,4-Be-17-p,92.03942687295377
4,4-Be-18-p,86.82837590199709
5,5-B-20-p,97.26950619904697
6,5-B-21-p,105.38445913721621
7,6-C-23-p,122.99972456549482
8,6-C-24-p,122.42657738577947
9,7-N-9-p,71.76354277825355
10,7-N-26-p,164.23124090445788
11,8-O-10-p,69.11632051128149
12,8-O-11-p,80.6119856900163
13,9-F-13-p,96.06144779853895
14,9-F-32-p,266.3916831828356
15,10-Ne-14-p,85.18410261468962
16,10-Ne-15-p,110.34712602088601
17,10-Ne-35-p,246.88977508991957
18,10-Ne-36-p,234.41406369722637
19,11-Na-16-p,92.283553795401
20,11-Na-17-p,118.975188397564
21,11-Na-38-p,264.43316863986854
22,11-Na-39-p,254.70836686475576
23,11-Na-40-p,275.9635394761861
24,11-Na-41-p,264.93777937132126
25,11-Na-42-p,267.70492089447384
26,11-Na-43-p,277.5670767733306
27,11-Na-44-p,292.9327078854144
28,12-Mg-18-p,99.32681040022895
29,12-Mg-41-p,299.01465761289006
30,12-Mg-42-p,289.809214325592
31,12-Mg-43-p,310.1603682191819
32,12-Mg-44-p,299.6194406047166
33,12-Mg-45-p,314.91892552989725
34,12-Mg-46-p,309.24610106047993
35,13-Al-19-p,114.28742500417307
36,13-Al-20-p,113.87450344866141
37,13-Al-43-p,333.89910049626235
38,13-Al-44-p,324.6113884748519
39,13-Al-45-p,343.6141537544579
40,13-Al-46-p,332.7982679705322
41,13-Al-47-p,327.0391441302002
42,13-Al-48-p,340.2248881276548
43,14-Si-45-p,341.2390463395119
44,14-Si-46-p,332.18711094841365
45,14-Si-47-p,350.90413844850667
46,14-Si-48-p,340.95890145912773
47,14-Si-49-p,354.2296950176359
48,14-Si-50-p,350.3298820625395
49,15-P-23-p,170.81992604015022
50,15-P-47-p,355.8035180853308
51,15-P-48-p,373.7152618466169
52,15-P-49-p,363.8569491330833
53,15-P-50-p,376.31830333499613
54,15-P-51-p,372.07229304835204
55,15-P-52-p,385.68169134350126
56,16-S-50-p,371.9699648659677
57,16-S-51-p,383.9853556641639
58,16-S-52-p,379.9175057732314
59,16-S-53-p,392.9703949824423
60,16-S-54-p,387.10456862521175
61,17-Cl-52-p,397.2579302017242
62,17-Cl-53-p,393.16574026374525
63,17-Cl-54-p,406.142453561917
64,17-Cl-55-p,400.269284571752
65,17-Cl-56-p,405.85234144788984
66,17-Cl-57-p,404.89604943260554
67,18-Ar-54-p,409.24398171342915
68,18-Ar-55-p,422.0272869355828
69,18-Ar-56-p,416.1003448761404
70,18-Ar-57-p,421.70621078224485
71,18-Ar-58-p,425.3037884676606
72,18-Ar-59-p,432.7584043656737
73,18-Ar-60-p,431.8332326159329
74,19-K-56-p,453.01719731052225
75,19-K-57-p,443.8658395449669
76,19-K-58-p,455.04726346804205
77,19-K-59-p,450.20115697655086
78,19-K-60-p,462.5788988987506
79,19-K-61-p,456.18343436759716
80,19-K-62-p,462.10790805256374
81,20-Ca-58-p,451.6355325089843
82,20-Ca-59-p,466.9650753613264
83,20-Ca-60-p,458.3490424045623
84,20-Ca-61-p,469.659352969572
85,20-Ca-62-p,465.41781075318164
86,20-Ca-63-p,477.9581529383213
87,20-Ca-64-p,472.164909288779
88,21-Sc-61-p,492.5188127640635
89,21-Sc-62-p,509.5616262193621
90,21-Sc-63-p,499.41060803633934
91,21-Sc-64-p,494.48526359964916
92,21-Sc-65-p,508.0382017343194
93,21-Sc-66-p,501.5863707784266
94,21-Sc-67-p,505.3362377954275
95,21-Sc-68-p,513.1512363669128
96,21-Sc-69-p,512.3988508304806
97,21-Sc-70-p,525.1015745618344
98,21-Sc-71-p,528.420194686234
99,21-Sc-72-p,533.6014064467549
100,21-Sc-73-p,544.4621916499436
101,22-Ti-64-p,503.7790996893794
102,22-Ti-65-p,519.737140675664
103,22-Ti-66-p,510.75041411407295
104,23-V-66-p,559.9815181297064
105,23-V-67-p,549.4773036799132
106,23-V-68-p,567.9434943408668
107,23-V-69-p,557.2879279168844
108,24-Cr-68-p,565.5915396535993
109,24-Cr-69-p,584.064229325831
110,24-Cr-70-p,573.3829793092012
111,25-Mn-70-p,594.7736000643373
112,25-Mn-71-p,584.5269089364409
113,25-Mn-72-p,603.3805406543613
114,26-Fe-73-p,610.0337784693837
115,26-Fe-74-p,600.2795124267935
116,27-Co-47-p,355.34643137384955
117,27-Co-48-p,376.06902875818315
118,27-Co-49-p,398.44928020665054
119,27-Co-76-p,652.1073776362539
120,27-Co-77-p,646.7441935599446
121,28-Ni-79-p,671.5195493811369
122,28-Ni-80-p,666.7059067007899
123,29-Cu-81-p,691.5804974249602
124,30-Zn-84-p,710.4585004351735
125,31-Ga-87-p,738.8346834474206
126,32-Ge-90-p,761.0088100045324
127,33-As-93-p,799.5564455910326
128,33-As-94-p,795.6989074544907
129,34-Se-62-p,487.8762690537125
130,34-Se-63-p,512.851938150406
131,34-Se-64-p,522.3549924108983
132,34-Se-95-p,807.126543920219
133,34-Se-96-p,803.5839578686953
134,35-Br-64-p,510.9480715436191
135,35-Br-65-p,533.6211534425616
136,35-Br-66-p,541.0121540186406
137,35-Br-98-p,876.7929452783466
138,35-Br-99-p,872.7325630013347
139,36-Kr-66-p,522.6370744965673
140,36-Kr-67-p,544.4991235313415
141,36-Kr-68-p,551.4289442686438
142,36-Kr-101-p,872.8239241021872
143,36-Kr-102-p,869.4743086932302
144,37-Rb-68-p,529.6616308213472
145,37-Rb-69-p,550.2403750906586
146,37-Rb-70-p,556.5104212022424
147,37-Rb-102-p,869.1087393088341
148,37-Rb-103-p,878.5980456608535
149,37-Rb-104-p,895.5089729305506
150,37-Rb-105-p,891.7889138787389
151,38-Sr-70-p,543.8549715288877
152,38-Sr-71-p,562.3955258765817
153,38-Sr-72-p,567.644727293551
154,38-Sr-106-p,915.3893234494329
155,38-Sr-107-p,931.9581777601243
156,38-Sr-108-p,928.4547107572556
157,39-Y-72-p,565.6855253551603
158,39-Y-73-p,579.5346684269309
159,39-Y-74-p,583.107249915123
160,39-Y-75-p,591.5770863633752
161,39-Y-109-p,943.9979710958601
162,39-Y-110-p,958.8088428558111
163,39-Y-111-p,956.3539663264752
164,40-Zr-76-p,585.8184624469876
165,40-Zr-77-p,594.2912984389067
166,40-Zr-111-p,954.9922984827161
167,40-Zr-112-p,952.790758412242
168,41-Nb-80-p,612.255627950102
169,41-Nb-114-p,975.306458004415
170,41-Nb-115-p,967.8065989894271
171,42-Mo-82-p,632.4791762568652
172,42-Mo-116-p,988.2308667598963
173,42-Mo-117-p,981.2380556055904
174,44-Ru-86-p,673.0095726976394
175,44-Ru-121-p,1017.6987586858869
176,44-Ru-122-p,1021.190102533102
177,45-Rh-88-p,675.5968040912747
178,45-Rh-123-p,1025.9522530471684
179,45-Rh-124-p,1033.3660001627206
180,45-Rh-125-p,1037.3213984113931
181,46-Pd-90-p,712.2743491824865
182,46-Pd-125-p,1057.5526955392959
183,46-Pd-126-p,1054.6323898176552
184,47-Ag-92-p,720.9485295430422
185,47-Ag-131-p,1080.9538854181171
186,48-Cd-94-p,731.3736935191155
187,48-Cd-133-p,1110.560256276727
188,48-Cd-134-p,1108.0102692169548
189,49-In-96-p,745.6436475711465
190,49-In-136-p,1142.1112062983514
191,49-In-137-p,1139.403493234098
192,50-Sn-98-p,751.0153303545118
193,50-Sn-138-p,1137.3394322483541
194,50-Sn-139-p,1151.6425062617066
195,50-Sn-140-p,1149.1040174526574
196,51-Sb-100-p,761.8560561094284
197,51-Sb-101-p,856.1795812758803
198,51-Sb-102-p,875.3775356105566
199,51-Sb-140-p,1160.1510868156554
200,51-Sb-141-p,1173.657906966448
201,51-Sb-142-p,1171.0226828741434
202,52-Te-104-p,879.6490107731223
203,52-Te-143-p,1174.9515851537587
204,52-Te-144-p,1171.5206071228386
205,53-I-106-p,866.0683268595338
206,53-I-107-p,912.3046677310467
207,53-I-145-p,1194.1892834420205
208,53-I-146-p,1207.7183502083421
209,53-I-147-p,1204.170015031457
210,54-Xe-108-p,919.6283035556079
211,54-Xe-109-p,931.8205736944079
212,54-Xe-148-p,1222.199147183955
213,54-Xe-149-p,1235.2709085220697
214,54-Xe-150-p,1231.894047258139
215,55-Cs-110-p,921.7029879251719
216,55-Cs-111-p,933.1907402452231
217,55-Cs-152-p,1261.1475967929366
218,55-Cs-153-p,1256.6309089356066
219,56-Ba-112-p,936.9147986885905
220,56-Ba-113-p,948.3628070550561
221,56-Ba-154-p,1266.1049676073196
222,57-La-114-p,956.9153809161187
223,57-La-115-p,970.4065784436465
224,57-La-116-p,981.6632409203648
225,58-Ce-116-p,940.3015334504247
226,58-Ce-117-p,951.672178586483
227,58-Ce-118-p,958.7184816028476
228,58-Ce-158-p,1270.0746136884095
229,58-Ce-159-p,1283.3632170374394
230,58-Ce-160-p,1279.002255488813
231,59-Pr-118-p,967.863590319097
232,59-Pr-119-p,978.9796491864324
233,59-Pr-120-p,985.3680522918702
234,59-Pr-160-p,1320.8597625306847
235,59-Pr-161-p,1322.1596897673012
236,59-Pr-162-p,1327.438886620939
237,59-Pr-163-p,1331.3179214870931
238,60-Nd-120-p,969.3329917728902
239,60-Nd-121-p,980.965097131908
240,60-Nd-122-p,987.4838554058672
241,60-Nd-123-p,1001.3087521663308
242,60-Nd-162-p,1313.4336422975066
243,60-Nd-163-p,1321.2130837784412
244,60-Nd-164-p,1322.7254786914589
245,60-Nd-165-p,1328.0028008303047
246,60-Nd-166-p,1331.898708129585
247,61-Pm-122-p,993.0023908479214
248,61-Pm-123-p,1005.0869273766875
249,61-Pm-124-p,1011.8750196757317
250,61-Pm-125-p,1027.011466904521
251,61-Pm-164-p,1351.1395309424997
252,61-Pm-165-p,1358.7486233393552
253,61-Pm-166-p,1359.7274744226338
254,61-Pm-167-p,1365.1651471666696
255,61-Pm-168-p,1369.233653207779
256,62-Sm-124-p,981.7924712600112
257,62-Sm-125-p,993.718156955421
258,62-Sm-126-p,1000.6417286434174
259,62-Sm-127-p,1015.1136519690157
260,62-Sm-166-p,1343.7474055375458
261,62-Sm-167-p,1350.9878040253523
262,62-Sm-168-p,1352.1076336609724
263,62-Sm-169-p,1357.3169661433699
264,62-Sm-170-p,1361.3024848096968
265,63-Eu-126-p,1003.7650034865142
266,63-Eu-127-p,1016.438700383842
267,63-Eu-128-p,1023.8332004275322
268,63-Eu-129-p,1039.5588080248833
269,63-Eu-168-p,1375.46707989043
270,63-Eu-169-p,1382.8132122924926
271,63-Eu-170-p,1383.6042169536354
272,63-Eu-171-p,1389.0467639561298
273,63-Eu-172-p,1393.2383762685658
274,64-Gd-131-p,1065.020934364796
275,64-Gd-132-p,1082.439909343064
276,64-Gd-133-p,1095.2413368082048
277,65-Tb-134-p,1073.0222170960906
278,65-Tb-135-p,1092.2820370188954
279,65-Tb-172-p,1409.9258375350835
280,65-Tb-173-p,1410.9590553473236
281,65-Tb-174-p,1416.6461901396515
282,65-Tb-175-p,1420.9750315748454
283,66-Dy-136-p,1119.6228775421382
284,66-Dy-137-p,1136.297715729058
285,66-Dy-174-p,1396.2686652579905
286,66-Dy-175-p,1401.6450973188282
287,66-Dy-176-p,1405.7944660579565
288,67-Ho-138-p,1128.792482531667
289,67-Ho-139-p,1146.9534696245196
290,67-Ho-176-p,1432.4866552632452
291,67-Ho-177-p,1436.2222119573357
292,67-Ho-178-p,1440.5201830889584
293,68-Er-140-p,1103.5848174794914
294,68-Er-141-p,1123.542656209767
295,68-Er-142-p,1131.6466733116508
296,68-Er-178-p,1466.2245225799682
297,68-Er-179-p,1471.7786776030662
298,68-Er-180-p,1475.345634946883
299,69-Tm-142-p,1156.4452755962611
300,69-Tm-143-p,1174.6092622327806
301,69-Tm-144-p,1181.636443158269
302,69-Tm-180-p,1487.6032701414229
303,69-Tm-181-p,1490.908517300308
304,69-Tm-182-p,1508.6201977480653
305,70-Yb-144-p,1169.5091631322505
306,70-Yb-145-p,1187.0634925184847
307,70-Yb-146-p,1193.890703866184
308,70-Yb-147-p,1208.6232125478389
309,70-Yb-182-p,1483.2789280217291
310,70-Yb-183-p,1500.9591132609846
311,70-Yb-184-p,1497.1348200667503
312,71-Lu-147-p,1205.9348715364338
313,71-Lu-148-p,1220.760491052747
314,71-Lu-149-p,1226.4410018528106
315,71-Lu-185-p,1515.6360054038169
316,71-Lu-186-p,1512.124914560795
317,72-Hf-150-p,1211.8632196319702
318,72-Hf-151-p,1226.3015230723024
319,72-Hf-152-p,1231.9667861920598
320,73-Ta-153-p,1240.628968377948
321,73-Ta-154-p,1252.4065516048076
322,73-Ta-191-p,1531.7668013581635
323,73-Ta-192-p,1529.4681510614755
324,74-W-156-p,1260.7621554317477
325,74-W-157-p,1270.8382475135925
326,74-W-193-p,1545.0385322740676
327,74-W-194-p,1542.8873595409991
328,75-Re-157-p,1264.4804647497538
329,75-Re-158-p,1273.1433968215586
330,75-Re-159-p,1276.5118843594196
331,75-Re-195-p,1565.6591451737286
332,75-Re-196-p,1576.7769537748698
333,75-Re-197-p,1574.4763037824036
334,76-Os-158-p,1262.219183767915
335,76-Os-159-p,1271.9190830815437
336,76-Os-160-p,1275.7225044510963
337,76-Os-161-p,1283.9302557714584
338,76-Os-197-p,1574.0147490006686
339,76-Os-198-p,1571.1810551024082
340,77-Ir-162-p,1294.9943225485683
341,77-Ir-163-p,1302.5651707636716
342,77-Ir-200-p,1593.9483414196375
343,78-Pt-163-p,1290.6931019113065
344,78-Pt-164-p,1298.1623405846956
345,78-Pt-165-p,1301.8792751118542
346,78-Pt-203-p,1624.9375019086601
347,79-Au-168-p,1319.3266207739712
348,79-Au-206-p,1652.9381170576216
349,79-Au-207-p,1651.090773101807
350,80-Hg-170-p,1334.839510732949
351,80-Hg-211-p,1684.0328864799144
352,80-Hg-212-p,1684.4703199313285
353,81-Tl-174-p,1351.8909166310432
354,81-Tl-175-p,1366.4619498786333
355,81-Tl-176-p,1371.274467730105
356,81-Tl-213-p,1692.3191258595589
357,82-Pb-176-p,1366.7864005185963
358,82-Pb-177-p,1382.7867163234355
359,82-Pb-216-p,1715.3438730081918
360,83-Bi-183-p,1433.2819092779162
361,83-Bi-219-p,1736.7138719006182
362,83-Bi-220-p,1737.7987068601253
363,84-Po-186-p,1447.246409799874
364,84-Po-187-p,1465.734347152412
365,84-Po-221-p,1738.537719431043
366,84-Po-222-p,1739.6749214237334
367,85-At-191-p,1497.7689735903145
368,85-At-192-p,1510.9909620737435
369,85-At-224-p,1781.9714866698387
370,85-At-225-p,1783.6077377400995
371,86-Rn-194-p,1521.7304532299045
372,86-Rn-229-p,1810.029968015373
373,86-Rn-230-p,1808.1743753144742
374,87-Fr-198-p,1527.1028858991863
375,87-Fr-233-p,1815.4726399988533
376,88-Ra-200-p,1547.0223554667236
377,88-Ra-201-p,1558.5214810565117
378,88-Ra-235-p,1834.1093047248723
379,88-Ra-236-p,1836.5351856654288
380,89-Ac-205-p,1589.9035817658903
381,89-Ac-237-p,1837.6531405862572
382,90-Th-208-p,1592.361332857907
383,90-Th-239-p,1844.8509205577973
384,90-Th-240-p,1843.8263264335992
385,91-Pa-211-p,1618.791811878264
386,91-Pa-241-p,1859.3639626278284
387,91-Pa-242-p,1858.4918453066948
388,92-U-216-p,1662.93359640342
389,92-U-243-p,1860.111348924816
390,93-Np-223-p,1698.8852519272568
391,93-Np-224-p,1711.6946781755091
392,93-Np-245-p,1866.1131858401898
393,93-Np-246-p,1866.145180972636
394,94-Pu-226-p,1719.8601859225632
395,94-Pu-227-p,1731.9478469759824
396,94-Pu-248-p,1881.570834203303
397,94-Pu-249-p,1884.922324327052
398,94-Pu-250-p,1892.5079202985169
399,95-Am-229-p,1740.2505838457944
400,95-Am-230-p,1747.9561615639332
401,96-Cm-231-p,1753.1708682287338
402,96-Cm-232-p,1760.564243443549
403,96-Cm-253-p,1899.4161193252207
404,96-Cm-254-p,1915.923358009756
405,96-Cm-255-p,1916.861715253532
406,97-Bk-234-p,1790.4368238025907
407,97-Bk-255-p,1934.7186236071589
408,97-Bk-256-p,1935.5889911944869
409,98-Cf-236-p,1795.2053483469488
410,98-Cf-257-p,1935.5443729824426
411,98-Cf-258-p,1933.872627312124
412,99-Es-237-p,1811.2357845694426
413,99-Es-238-p,1816.9941585238578
414,99-Es-239-p,1822.6120538498762
415,99-Es-259-p,1944.6869820789698
416,99-Es-260-p,1953.371410880387
417,99-Es-261-p,1952.5889049263003
418,100-Fm-240-p,1825.5933502927426
419,100-Fm-241-p,1834.8269455471636
420,100-Fm-261-p,1955.0719021775128
421,100-Fm-262-p,1954.3953800996544
422,101-Md-243-p,1841.830880009234
423,101-Md-244-p,1848.825690859318
424,101-Md-263-p,1956.3677050415877
425,102-No-246-p,1856.1721982043389
426,102-No-247-p,1872.728304454446
427,102-No-265-p,1962.7297371589543
428,102-No-266-p,1963.065436087668
429,103-Lr-248-p,1869.3906872201565
430,103-Lr-249-p,1885.6334661380652
431,103-Lr-250-p,1888.0825935420396
432,103-Lr-267-p,1968.8436820188763
433,103-Lr-268-p,1969.1163905305864
434,104-Rf-252-p,1885.703080547333
435,104-Rf-269-p,1968.1236665578488
436,104-Rf-270-p,1968.5785973473194
437,105-Db-254-p,1896.1556153593663
438,105-Db-270-p,1967.872704737723
439,106-Sg-256-p,1902.7461127193571
440,106-Sg-257-p,1912.5166262901428
441,106-Sg-274-p,1975.8602395605446
442,106-Sg-275-p,1979.3237126478555
443,106-Sg-276-p,1979.9604907721284
444,107-Bh-259-p,1916.5853822932245
445,107-Bh-268-p,1958.8640752583149
446,107-Bh-269-p,1960.892391682029
447,107-Bh-270-p,1964.614950353563
448,107-Bh-276-p,1980.4806616363528
449,107-Bh-277-p,1980.848480678499
450,108-Hs-262-p,1928.9246300716998
451,108-Hs-277-p,1982.061171186805
452,108-Hs-278-p,1981.9063197450043
453,109-Mt-264-p,1935.1546822677258
454,109-Mt-280-p,1984.2569621319178
455,110-Ds-266-p,1954.0090638715626
456,110-Ds-282-p,1990.692483069122
457,111-Rg-269-p,1955.5013368458153
458,111-Rg-270-p,1961.173348938823
459,111-Rg-271-p,1962.4330322979094
460,111-Rg-284-p,1991.4119986062053
461,111-Rg-285-p,1991.3648807744387
462,112-Cn-274-p,1969.4857093445662
463,112-Cn-275-p,1973.3533709409835
464,112-Cn-276-p,1974.7315362749102
465,112-Cn-286-p,1991.942917835236
466,112-Cn-287-p,1994.2186966114643
467,112-Cn-288-p,1994.2034489311577
468,113-Nh-279-p,1980.6122666147353
469,113-Nh-280-p,1984.0959866217972
470,113-Nh-281-p,1984.4074392392042
471,113-Nh-282-p,1987.274003136814
472,113-Nh-288-p,1995.0206995993856
473,113-Nh-289-p,1994.8386023026112
474,113-Nh-290-p,1996.725065307081
475,113-Nh-291-p,1996.7130671324137
476,113-Nh-292-p,1996.888790398896
477,114-Fl-284-p,1986.9045593418482
478,114-Fl-285-p,1989.4749183023575
479,114-Fl-290-p,1994.6618791882397
480,114-Fl-291-p,1996.4923507109286
481,114-Fl-292-p,1996.3557464931014
482,115-Mc-286-p,1989.0322356495265
483,115-Mc-292-p,1996.0547922785283
484,115-Mc-293-p,1997.7031665044428
485,115-Mc-294-p,1997.5696868112686
486,116-Lv-286-p,1986.1516738814714
487,116-Lv-287-p,1988.9613714303973
488,116-Lv-288-p,1989.2487027174832
489,116-Lv-289-p,1991.5573514930609
490,116-Lv-293-p,1995.4055160556438
491,116-Lv-294-p,1996.2128932259682
492,116-Lv-295-p,1997.8360212926866
493,117-Ts-287-p,1987.586705564082
494,117-Ts-288-p,1989.7053832407596
495,117-Ts-289-p,1990.497887673736
496,117-Ts-290-p,1992.7601685034635
497,117-Ts-293-p,1995.1809252235892
498,117-Ts-294-p,1996.474853372872
499,117-Ts-295-p,1997.0637637794616
500,117-Ts-296-p,1998.0249925436976
501,117-Ts-297-p,1998.6857670173051
502,117-Ts-298-p,2000.0015668391588
503,117-Ts-299-p,1999.9053314798477
504,118-Og-292-p,1993.5479236589672
505,118-Og-293-p,1995.4312621387842
506,118-Og-295-p,1997.2122411909702
507,118-Og-296-p,1997.4829500069025
508,118-Og-297-p,1998.56840987134
509,118-Og-298-p,1999.0687087587717
510,118-Og-299-p,1999.875086081207
511,118-Og-300-p,2000.4370005947949
512,118-Og-301-p,2001.541957493067
513,118-Og-302-p,2001.47746730423
514,118-Og-303-p,2002.50618580097
515,118-Og-304-p,2002.5324318080548
516,119-Uue-293-p,1992.5289536791447
517,119-Uue-294-p,1994.3066832256916
518,119-Uue-295-p,1994.7881099842193
519,119-Uue-296-p,1996.188396952689
520,119-Uue-297-p,1996.7318142803313
521,119-Uue-298-p,1998.2265868743063
522,119-Uue-299-p,1998.4181827260259
523,119-Uue-300-p,1999.652120001972
524,119-Uue-301-p,1999.8723364995124
525,119-Uue-302-p,2000.739204619229
526,119-Uue-303-p,2001.1438930522802
527,120-Ubn-296-p,1994.3787972546818
528,120-Ubn-297-p,1995.9619314058425
529,120-Ubn-298-p,1996.403989153743
530,120-Ubn-299-p,1997.6511744142176
531,120-Ubn-300-p,1998.1465990431907
532,120-Ubn-301-p,1999.4763967354895
533,120-Ubn-302-p,1999.659493880153
534,120-Ubn-303-p,2000.7578267861606
535,120-Ubn-304-p,2000.9649202801588
536,120-Ubn-305-p,2001.7403023180368
537,120-Ubn-306-p,2002.1072464932802
538,120-Ubn-307-p,2002.6877831737997
539,120-Ubn-308-p,2003.0963460174205
540,120-Ubn-309-p,2003.8844761158825
541,120-Ubn-310-p,2003.8459819721581
542,120-Ubn-311-p,2004.5869942388538
543,120-Ubn-312-p,2004.6153649227026
544,121-Ubu-299-p,1997.7881535750034
545,121-Ubu-300-p,1998.3188228420618
546,121-Ubu-301-p,1998.690016370833
547,121-Ubu-302-p,1999.7173600767258
548,121-Ubu-303-p,2000.1277976351382
549,121-Ubu-304-p,2001.2223811115625
550,121-Ubu-305-p,2001.3801071160437
551,121-Ubu-306-p,2002.28884386611
552,121-Ubu-307-p,2002.464067208648
553,121-Ubu-308-p,2003.1065944582822
554,121-Ubu-309-p,2003.415922398925
555,121-Ubu-310-p,2003.9019734539393
556,121-Ubu-311-p,2004.24292158407
557,121-Ubu-312-p,2004.9008214949968
558,121-Ubu-313-p,2004.871575944245
559,121-Ubu-314-p,2005.4929814072254
560,121-Ubu-315-p,2005.5194773762823
561,122-Ubb-302-p,1995.6153591313364
562,122-Ubb-303-p,1997.708665667832
563,122-Ubb-304-p,1998.2625813983086
564,122-Ubb-305-p,1999.3304189437033
565,122-Ubb-306-p,1999.763103117645
566,122-Ubb-307-p,2000.8979304715992
567,122-Ubb-308-p,2001.0691544225815
568,122-Ubb-309-p,2002.0101362670662
569,122-Ubb-310-p,2002.197857708216
570,123-Ubt-304-p,1997.0397674301269
571,123-Ubt-305-p,1997.9591275640132
572,123-Ubt-306-p,1998.7101383095983
573,123-Ubt-307-p,2000.3412651594283
574,123-Ubt-308-p,2000.7894469756486
575,123-Ubt-309-p,2001.1641399720313
576,123-Ubt-310-p,2002.136617025018
577,123-Ubt-311-p,2002.2884689231516
578,123-Ubt-312-p,2003.0973458653095
579,123-Ubt-313-p,2003.2625707289578
580,124-Ubq-308-p,1997.3648429750206
581,124-Ubq-309-p,1998.2568322729471
582,124-Ubq-310-p,1998.9907206234338
583,124-Ubq-311-p,2000.580728728831
584,124-Ubq-312-p,2001.0309102408291
585,125-Ubp-309-p,1998.6635204017762
586,125-Ubp-310-p,1999.6376222075821
587,125-Ubp-311-p,2000.0900533773306
588,125-Ubp-312-p,2000.7831979263426
589,125-Ubp-313-p,2001.3556108427647
590,125-Ubp-314-p,2002.6010463694336
591,125-Ubp-315-p,2002.9666157538297
592,126-Ubh-312-p,1997.0817610414626
593,126-Ubh-313-p,1998.194341779888
594,126-Ubh-314-p,1998.7061389180424
595,126-Ubh-315-p,1999.4961437312963
596,126-Ubh-316-p,2000.1452949731947
597,126-Ubh-317-p,2001.573577682555
598,126-Ubh-318-p,2001.993888738871
599,127-Ubs-313-p,1998.9122325641515
600,127-Ubs-314-p,1999.6303733103873
601,127-Ubs-315-p,2000.2832739818693
602,127-Ubs-316-p,2001.112147881806
603,127-Ubs-317-p,2001.503838292301
604,127-Ubs-318-p,2002.0979979003075
605,127-Ubs-319-p,2002.5889232137802
606,127-Ubs-320-p,2003.6612600746753
607,127-Ubs-321-p,2003.9910848970414
608,127-Ubs-322-p,2004.1496857684258
609,128-Ubo-316-p,1998.9702237417105
610,128-Ubo-317-p,1999.6903641837241
611,128-Ubo-318-p,2000.3460144369008
612,128-Ubo-319-p,2001.171013926268
613,128-Ubo-320-p,2001.569328329027
614,128-Ubo-321-p,2002.1636129180195
615,128-Ubo-322-p,2002.6561629843118
616,128-Ubo-323-p,2003.7152518606783
617,128-Ubo-324-p,2004.0522005992534
618,129-Ube-319-p,2001.1181469691398
619,129-Ube-320-p,2001.6990585926178
620,129-Ube-321-p,2002.230477745593
621,129-Ube-322-p,2002.8941267818811
622,129-Ube-323-p,2003.2228267753724
623,129-Ube-324-p,2003.704128552914
624,129-Ube-325-p,2004.106692309201
625,129-Ube-326-p,2004.9573129007222
626,129-Ube-327-p,2005.2367703856828
627,130-Utn-322-p,2001.9471458500625
628,130-Utn-323-p,2002.4795648509266
629,130-Utn-324-p,2002.965865867913
630,130-Utn-325-p,2003.5693990498783
631,130-Utn-326-p,2003.8749775609376
632,130-Utn-327-p,2004.3164104039076
633,130-Utn-328-p,2004.685479255915
634,130-Utn-329-p,2005.4523625867369
635,130-Utn-330-p,2005.7106982850435
636,131-Utu-325-p,2003.04935316664
637,131-Utu-326-p,2003.5127826631667
638,131-Utu-327-p,2003.9359682821635
639,131-Utu-328-p,2004.4596386139992
640,131-Utu-329-p,2004.7292226010563
641,131-Utu-330-p,2005.1142890192868
642,131-Utu-331-p,2005.4379897733334
643,131-Utu-332-p,2006.1038884673717
644,131-Utu-333-p,2006.3338534818295
645,132-Utb-328-p,2003.757120491028
646,132-Utb-329-p,2004.1750569086078
647,132-Utb-330-p,2004.5586235550047
648,132-Utb-331-p,2005.0306767395737
649,132-Utb-332-p,2005.2775141871573
650,132-Utb-333-p,2005.6254612525108
651,132-Utb-334-p,2005.9211662656667
652,132-Utb-335-p,2006.521449941993
653,132-Utb-336-p,2006.7336676564219
654,133-Utt-330-p,2003.0221073116663
655,133-Utt-331-p,2003.4795377208593
656,133-Utt-332-p,2003.8997237961892
657,133-Utt-333-p,2004.4156453068854
658,134-Utq-332-p,2000.344139722109
659,134-Utq-333-p,2000.965420204103
660,134-Utq-334-p,2001.5350835388306
661,134-Utq-335-p,2002.2337272512318
662,134-Utq-336-p,2002.6016712743642
663,134-Utq-337-p,2003.11696788013
664,134-Utq-338-p,2003.5547762745025
665,134-Utq-339-p,2004.237672382653
666,134-Utq-340-p,2004.3702772089246
667,135-Utp-335-p,2004.4212694512607
668,135-Utp-336-p,2004.7930878849627
669,135-Utp-337-p,2005.1356607679131
670,135-Utp-338-p,2005.5532222425345
671,135-Utp-339-p,2005.7786879414919
672,135-Utp-340-p,2006.0897656159402
673,135-Utp-341-p,2006.3568499832752
674,135-Utp-342-p,2006.779035754383
675,135-Utp-343-p,2006.863772862971
676,136-Uth-338-p,2005.5975904926063
677,136-Uth-339-p,2005.9046687754992
678,136-Uth-340-p,2006.1878756900433
679,136-Uth-341-p,2006.5315734018686
680,136-Uth-342-p,2006.7195448049906
681,136-Uth-343-p,2006.976755674422
682,136-Uth-344-p,2007.1979720198515
683,136-Uth-345-p,2007.545169199288
684,136-Uth-346-p,2007.628406536043
685,137-Uts-339-p,2005.1177884868982
686,137-Uts-340-p,2005.4522376057507
687,137-Uts-341-p,2005.760940641463
688,137-Uts-342-p,2006.1343838279845
689,137-Uts-343-p,2006.3401025311352
690,137-Uts-344-p,2006.6200599400404
691,137-Uts-345-p,2006.8610232812764
692,137-Uts-346-p,2007.2364661635759
693,137-Uts-347-p,2007.3289520933035
694,137-Uts-348-p,2007.7091442530755
695,138-Uto-340-p,2004.5068814267518
696,138-Uto-341-p,2004.8773250696065
697,138-Uto-342-p,2005.2187731236818
698,138-Uto-343-p,2005.6307104539278
699,138-Uto-344-p,2005.859175696552
700,138-Uto-345-p,2006.1688785801532
701,138-Uto-346-p,2006.4345881566408
702,138-Uto-347-p,2006.8471503918174
703,138-Uto-348-p,2006.951259553254
704,138-Uto-349-p,2007.371820571542
705,138-Uto-350-p,2007.7156432643535
706,138-Uto-351-p,2007.9141130703094
707,138-Uto-352-p,2008.07958789593
708,139-Ute-350-p,2007.3649466173056
709,139-Ute-351-p,2007.7428891193274
710,139-Ute-352-p,2008.0537168318035
711,139-Ute-353-p,2008.2308148891332
712,139-Ute-354-p,2008.3792923006417
713,139-Ute-355-p,2008.4600300176742
714,140-Uqn-352-p,2007.4524333075883
715,140-Uqn-353-p,2007.8223770264985
716,140-Uqn-354-p,2008.127080670655
717,140-Uqn-355-p,2008.299304469526
718,140-Uqn-356-p,2008.4437824894787
719,141-Uqu-354-p,2007.7496380925777
720,141-Uqu-355-p,2008.0894613938333
721,141-Uqu-356-p,2008.370043707669
722,141-Uqu-357-p,2008.5272697882058
723,141-Uqu-358-p,2008.6594996715191
724,142-Uqb-356-p,2007.818752577901
725,142-Uqb-357-p,2008.1520768678786
726,142-Uqb-358-p,2008.4277849232558
727,142-Uqb-359-p,2008.5806366692784
728,142-Uqb-360-p,2008.7098670089247
729,143-Uqt-358-p,2008.118581963599
730,143-Uqt-359-p,2008.418536330283
731,143-Uqt-360-p,2008.6674984546305
732,143-Uqt-361-p,2008.8057274252774
733,143-Uqt-362-p,2008.922709628284
734,144-Uqq-360-p,2008.064840139568
735,144-Uqq-361-p,2008.3675440879467
736,144-Uqq-362-p,2008.618380927086
737,144-Uqq-363-p,2008.7587345744969
738,144-Uqq-364-p,2008.8772165493372
739,145-Uqp-362-p,2008.2948051540259
740,145-Uqp-363-p,2008.5712630953194
741,145-Uqp-364-p,2008.800978147805
742,145-Uqp-365-p,2008.929833544493
743,145-Uqp-366-p,2009.038691983402
744,146-Uqh-364-p,2008.2313148130777
745,146-Uqh-365-p,2008.5110222600106
746,146-Uqh-366-p,2008.742737008274
747,146-Uqh-367-p,2008.873967043698
748,146-Uqh-368-p,2008.9845752164128
749,147-Uqs-367-p,2008.8915893627407
750,147-Uqs-368-p,2009.1114309173229
751,147-Uqs-369-p,2009.2982774915697
752,147-Uqs-370-p,2009.392513155103
753,148-Uqo-368-p,2008.8187254478337
754,148-Uqo-369-p,2009.008071641803
755,148-Uqo-370-p,2009.060938598931
756,148-Uqo-371-p,2009.2649075682762
757,148-Uqo-372-p,2009.438131215036
758,149-Uqe-370-p,2008.9819506157044
759,149-Uqe-371-p,2009.1569239962698
760,149-Uqe-372-p,2009.2074163146617
761,149-Uqe-373-p,2009.3963875656727
762,149-Uqe-374-p,2009.557363075793
763,150-Upn-372-p,2009.089434263766
764,150-Upn-373-p,2009.2544091654422
765,150-Upn-374-p,2009.3041515979173
766,150-Upn-375-p,2009.482499465108
767,150-Upn-376-p,2009.635476192117
768,151-Upu-375-p,2009.4298824699524
769,151-Upu-376-p,2009.5661117448212
770,151-Upu-377-p,2009.609105204046
771,151-Upu-378-p,2009.7583325014714
772,151-Upu-379-p,2009.8873128791454
773,152-Upb-376-p,2009.219164527357
774,152-Upb-377-p,2009.3223988218906
775,152-Upb-378-p,2009.4156346375348
776,152-Upb-379-p,2009.5516139504316
777,152-Upb-380-p,2009.595357295573
778,152-Upb-381-p,2009.743334783137
779,152-Upb-382-p,2009.8716902558806
780,153-Upt-378-p,2009.3643924332264
781,153-Upt-379-p,2009.4598779066207
782,153-Upt-380-p,2009.5463647490146
783,153-Upt-381-p,2009.672345583022
784,153-Upt-382-p,2009.7128394225242
785,153-Upt-383-p,2009.8513183551433
786,153-Upt-384-p,2009.9720499877335
787,154-Upq-380-p,2009.422133648813
788,154-Upq-381-p,2009.5146195785405
789,154-Upq-382-p,2009.5981068772676
790,154-Upq-383-p,2009.7203382816913
791,154-Upq-384-p,2009.7594573303463
792,154-Upq-385-p,2009.8945617763402
793,154-Upq-386-p,2010.0122938652637
794,155-Upp-382-p,2009.536116308153
795,155-Upp-383-p,2009.6226031505469
796,155-Upp-384-p,2009.7005912858847
797,155-Upp-385-p,2009.8154488121274
798,155-Upp-386-p,2009.8518182790879
799,155-Upp-387-p,2009.9797988088728
800,155-Upp-388-p,2010.0912818484906
801,156-Uph-384-p,2009.5883583603504
802,156-Uph-385-p,2009.672345583022
803,156-Uph-386-p,2009.748583984554
804,156-Uph-387-p,2009.859317138255
805,156-Uph-388-p,2009.8955616242292
806,156-Uph-389-p,2010.0192928004863
807,156-Uph-390-p,2010.127651315451
808,157-Ups-387-p,2009.812824211419
809,157-Ups-388-p,2009.8854381643537
810,157-Ups-389-p,2009.9515531060101
811,157-Ups-390-p,2010.047663484335
812,157-Ups-391-p,2010.079283673823
813,157-Ups-392-p,2010.188142112732
814,157-Ups-393-p,2010.284002529085
815,158-Upo-388-p,2009.7245876352192
816,158-Upo-389-p,2009.8143239832523
817,158-Upo-390-p,2009.8703154650332
818,158-Upo-391-p,2009.9403048172596
819,158-Upo-392-p,2010.004295082152
820,158-Upo-393-p,2010.0965310499075
821,158-Upo-394-p,2010.1279012774232
822,158-Upo-395-p,2010.2322604008318
823,158-Upo-396-p,2010.324246406615
824,159-Upe-393-p,2010.0152934089306
825,159-Upe-392-p,2010.0754092632535
826,159-Upe-395-p,2010.1617711246613
827,159-Upe-396-p,2010.191266637385
828,159-Upe-397-p,2010.2897516544463
829,159-Upe-398-p,2010.3766134397986
830,160-Uhn-394-p,2009.9436793038847
831,160-Uhn-395-p,2010.0092943215968
832,160-Uhn-396-p,2010.0692851949336
833,160-Uhn-397-p,2010.1555220753553
834,160-Uhn-398-p,2010.1850175880793
